﻿ลำดับที่,รหัสนักศึกษา,ชื่อ,นามสกุล,สาขา,วันเกิด,อีเมล,มือถือ,Note
1,5510000021,ไมเคิล,แจ็กสัน,ACT 20,25/12/1990,michael.jackson@gmail.com,082-777-8888,
2,5520000032,ทัดดาว,บุษยา,,,,,
3,5520000036,แจ๊ก,สแปร์โรว,ISM 25,,sparrow.j@hollywoods.com,956667777,
4,5620000021,ทาโร่,ยามาดะ,CSDT 1,28/2/1985,,+81-(0)95-2222-3333,นักเรียนทุนพิเศษ
5,5620000020,โซเฟีย,เลค วิมเบิลดัน,ACT,,sophia.lake@hotmail.com,,
6,5710000033,จิโร่,ยามาดะ,DADS 1,,,+81-(0)95-2222-3333,ย้ายสาขาจาก LM
7,5820000055,ซาบุโร่,ยามาดะ,LM 20,,,+81-(0)95-2222-3333,ย้ายสาขาจาก DADS
8,5910000011,สมชาย,บรรจง,ITM 19,,,087 555 7412,
9,5910000060,โยชิโกะ,ยามาดะ,DADS 2,,yoshiko.y@tokyo.ac.jp,+81-(0)95-2222-3333,
10,6220000001,สมปอง,หมายมั่น,MADT,,sompong.m@nida.ac.th,,
